epoch,step,train_loss,train_lr,train_grad_norm,train_wer,val_loss,val_wer
1,1075.7760612790062,2.655188484438866,0.0003802367110810724,1.599851823243539,0.889162485919346,2.638254700524605,0.8559352579575811
2,1983.0,2.756005882352941,0.0003887735294117647,1.3945941176470589,0.8940823529411766,2.6572411764705883,0.8588117647058824
